mitre_technique_display,Technique,Tactic,mitre_tactic_display,mitre_technique_url
.bash_profile and .bashrc,T1546.004,TA0004,Privilege escalation,https://attack.mitre.org/techniques/T1546/004
.bash_profile and .bashrc,T1546.004,TA0003,Persistence,https://attack.mitre.org/techniques/T1546/004
/etc/passwd and /etc/shadow,T1003.008,TA0006,Credential access,https://attack.mitre.org/techniques/T1003/008
Abuse Elevation Control Mechanism,T1548,TA0004,Privilege escalation,https://attack.mitre.org/techniques/T1548
Abuse Elevation Control Mechanism,T1548,TA0005,Defense evasion,https://attack.mitre.org/techniques/T1548
Access Token Manipulation,T1134,TA0005,Defense evasion,https://attack.mitre.org/techniques/T1134
Access Token Manipulation,T1134,TA0004,Privilege escalation,https://attack.mitre.org/techniques/T1134
Accessibility Features,T1546.008,TA0004,Privilege escalation,https://attack.mitre.org/techniques/T1546/008
Accessibility Features,T1546.008,TA0003,Persistence,https://attack.mitre.org/techniques/T1546/008
Account Access Removal,T1531,TA0040,Impact,https://attack.mitre.org/techniques/T1531
Account Discovery,T1087,TA0007,Discovery,https://attack.mitre.org/techniques/T1087
Account Manipulation,T1098,TA0003,Persistence,https://attack.mitre.org/techniques/T1098
Add Office 365 Global Administrator Role,T1098.003,TA0003,Persistence,https://attack.mitre.org/techniques/T1098/003
Add-ins,T1137.006,TA0003,Persistence,https://attack.mitre.org/techniques/T1137/006
Additional Azure Service Principal Credentials,T1098.001,TA0003,Persistence,https://attack.mitre.org/techniques/T1098/001
AppCert DLLs,T1546.009,TA0004,Privilege escalation,https://attack.mitre.org/techniques/T1546/009
AppCert DLLs,T1546.009,TA0003,Persistence,https://attack.mitre.org/techniques/T1546/009
AppInit DLLs,T1546.010,TA0004,Privilege escalation,https://attack.mitre.org/techniques/T1546/010
AppInit DLLs,T1546.010,TA0003,Persistence,https://attack.mitre.org/techniques/T1546/010
AppleScript,T1059.002,TA0002,Execution,https://attack.mitre.org/techniques/T1059/002
Application Access Token,T1550.001,TA0005,Defense evasion,https://attack.mitre.org/techniques/T1550/001
Application Access Token,T1550.001,TA0008,Lateral movement,https://attack.mitre.org/techniques/T1550/001
Application Exhaustion Flood,T1499.003,TA0040,Impact,https://attack.mitre.org/techniques/T1499/003
Application Layer Protocol,T1071,TA0011,Command and control,https://attack.mitre.org/techniques/T1071
Application Shimming,T1546.011,TA0004,Privilege escalation,https://attack.mitre.org/techniques/T1546/011
Application Shimming,T1546.011,TA0003,Persistence,https://attack.mitre.org/techniques/T1546/011
Application Window Discovery,T1010,TA0007,Discovery,https://attack.mitre.org/techniques/T1010
Application or System Exploitation,T1499.004,TA0040,Impact,https://attack.mitre.org/techniques/T1499/004
Archive Collected Data,T1560,TA0009,Collection,https://attack.mitre.org/techniques/T1560
Archive via Custom Method,T1560.003,TA0009,Collection,https://attack.mitre.org/techniques/T1560/003
Archive via Library,T1560.002,TA0009,Collection,https://attack.mitre.org/techniques/T1560/002
Archive via Utility,T1560.001,TA0009,Collection,https://attack.mitre.org/techniques/T1560/001
Asymmetric Cryptography,T1573.002,TA0011,Command and control,https://attack.mitre.org/techniques/T1573/002
Asynchronous Procedure Call,T1055.004,TA0005,Defense evasion,https://attack.mitre.org/techniques/T1055/004
Asynchronous Procedure Call,T1055.004,TA0004,Privilege escalation,https://attack.mitre.org/techniques/T1055/004
At (Linux),T1053.001,TA0002,Execution,https://attack.mitre.org/techniques/T1053/001
At (Linux),T1053.001,TA0003,Persistence,https://attack.mitre.org/techniques/T1053/001
At (Linux),T1053.001,TA0004,Privilege escalation,https://attack.mitre.org/techniques/T1053/001
At (Windows),T1053.002,TA0002,Execution,https://attack.mitre.org/techniques/T1053/002
At (Windows),T1053.002,TA0003,Persistence,https://attack.mitre.org/techniques/T1053/002
At (Windows),T1053.002,TA0004,Privilege escalation,https://attack.mitre.org/techniques/T1053/002
Audio Capture,T1123,TA0009,Collection,https://attack.mitre.org/techniques/T1123
Authentication Package,T1547.002,TA0003,Persistence,https://attack.mitre.org/techniques/T1547/002
Authentication Package,T1547.002,TA0004,Privilege escalation,https://attack.mitre.org/techniques/T1547/002
Automated Collection,T1119,TA0009,Collection,https://attack.mitre.org/techniques/T1119
Automated Exfiltration,T1020,TA0010,Exfiltration,https://attack.mitre.org/techniques/T1020
BITS Jobs,T1197,TA0005,Defense evasion,https://attack.mitre.org/techniques/T1197
BITS Jobs,T1197,TA0003,Persistence,https://attack.mitre.org/techniques/T1197
Bash History,T1552.003,TA0006,Credential access,https://attack.mitre.org/techniques/T1552/003
Bidirectional Communication,T1102.002,TA0011,Command and control,https://attack.mitre.org/techniques/T1102/002
Binary Padding,T1027.001,TA0005,Defense evasion,https://attack.mitre.org/techniques/T1027/001
Boot or Logon Autostart Execution,T1547,TA0003,Persistence,https://attack.mitre.org/techniques/T1547
Boot or Logon Autostart Execution,T1547,TA0004,Privilege escalation,https://attack.mitre.org/techniques/T1547
Boot or Logon Initialization Scripts,T1037,TA0003,Persistence,https://attack.mitre.org/techniques/T1037
Boot or Logon Initialization Scripts,T1037,TA0004,Privilege escalation,https://attack.mitre.org/techniques/T1037
Bootkit,T1542.003,TA0003,Persistence,https://attack.mitre.org/techniques/T1542/003
Bootkit,T1542.003,TA0005,Defense evasion,https://attack.mitre.org/techniques/T1542/003
Browser Bookmark Discovery,T1217,TA0007,Discovery,https://attack.mitre.org/techniques/T1217
Browser Extensions,T1176,TA0003,Persistence,https://attack.mitre.org/techniques/T1176
Brute Force,T1110,TA0006,Credential access,https://attack.mitre.org/techniques/T1110
Bypass User Access Control,T1548.002,TA0004,Privilege escalation,https://attack.mitre.org/techniques/T1548/002
Bypass User Access Control,T1548.002,TA0005,Defense evasion,https://attack.mitre.org/techniques/T1548/002
CMSTP,T1218.003,TA0005,Defense evasion,https://attack.mitre.org/techniques/T1218/003
COR_PROFILER,T1574.012,TA0003,Persistence,https://attack.mitre.org/techniques/T1574/012
COR_PROFILER,T1574.012,TA0004,Privilege escalation,https://attack.mitre.org/techniques/T1574/012
COR_PROFILER,T1574.012,TA0005,Defense evasion,https://attack.mitre.org/techniques/T1574/012
Cached Domain Credentials,T1003.005,TA0006,Credential access,https://attack.mitre.org/techniques/T1003/005
Change Default File Association,T1546.001,TA0004,Privilege escalation,https://attack.mitre.org/techniques/T1546/001
Change Default File Association,T1546.001,TA0003,Persistence,https://attack.mitre.org/techniques/T1546/001
Clear Command History,T1070.003,TA0005,Defense evasion,https://attack.mitre.org/techniques/T1070/003
Clear Linux or Mac System Logs,T1070.002,TA0005,Defense evasion,https://attack.mitre.org/techniques/T1070/002
Clear Windows Event Logs,T1070.001,TA0005,Defense evasion,https://attack.mitre.org/techniques/T1070/001
Clipboard Data,T1115,TA0009,Collection,https://attack.mitre.org/techniques/T1115
Cloud Account,T1136.003,TA0003,Persistence,https://attack.mitre.org/techniques/T1136/003
Cloud Account,T1087.004,TA0007,Discovery,https://attack.mitre.org/techniques/T1087/004
Cloud Accounts,T1078.004,TA0005,Defense evasion,https://attack.mitre.org/techniques/T1078/004
Cloud Accounts,T1078.004,TA0003,Persistence,https://attack.mitre.org/techniques/T1078/004
Cloud Accounts,T1078.004,TA0004,Privilege escalation,https://attack.mitre.org/techniques/T1078/004
Cloud Accounts,T1078.004,TA0001,Initial access,https://attack.mitre.org/techniques/T1078/004
Cloud Groups,T1069.003,TA0007,Discovery,https://attack.mitre.org/techniques/T1069/003
Cloud Instance Metadata API,T1552.005,TA0006,Credential access,https://attack.mitre.org/techniques/T1552/005
Cloud Service Dashboard,T1538,TA0007,Discovery,https://attack.mitre.org/techniques/T1538
Cloud Service Discovery,T1526,TA0007,Discovery,https://attack.mitre.org/techniques/T1526
Code Signing,T1553.002,TA0005,Defense evasion,https://attack.mitre.org/techniques/T1553/002
Command and Scripting Interpreter,T1059,TA0002,Execution,https://attack.mitre.org/techniques/T1059
Commonly Used Port,T1043,TA0011,Command and control,https://attack.mitre.org/techniques/T1043
Communication Through Removable Media,T1092,TA0011,Command and control,https://attack.mitre.org/techniques/T1092
Compile After Delivery,T1027.004,TA0005,Defense evasion,https://attack.mitre.org/techniques/T1027/004
Compiled HTML File,T1218.001,TA0005,Defense evasion,https://attack.mitre.org/techniques/T1218/001
Component Firmware,T1542.002,TA0003,Persistence,https://attack.mitre.org/techniques/T1542/002
Component Firmware,T1542.002,TA0005,Defense evasion,https://attack.mitre.org/techniques/T1542/002
Component Object Model,T1559.001,TA0002,Execution,https://attack.mitre.org/techniques/T1559/001
Component Object Model Hijacking,T1546.015,TA0004,Privilege escalation,https://attack.mitre.org/techniques/T1546/015
Component Object Model Hijacking,T1546.015,TA0003,Persistence,https://attack.mitre.org/techniques/T1546/015
Component Object Model and Distributed COM,T1175,TA0008,Lateral movement,https://attack.mitre.org/techniques/T1175
Component Object Model and Distributed COM,T1175,TA0002,Execution,https://attack.mitre.org/techniques/T1175
Compromise Client Software Binary,T1554,TA0003,Persistence,https://attack.mitre.org/techniques/T1554
Compromise Hardware Supply Chain,T1195.003,TA0001,Initial access,https://attack.mitre.org/techniques/T1195/003
Compromise Software Dependencies and Development Tools,T1195.001,TA0001,Initial access,https://attack.mitre.org/techniques/T1195/001
Compromise Software Supply Chain,T1195.002,TA0001,Initial access,https://attack.mitre.org/techniques/T1195/002
Confluence,T1213.001,TA0009,Collection,https://attack.mitre.org/techniques/T1213/001
Control Panel,T1218.002,TA0005,Defense evasion,https://attack.mitre.org/techniques/T1218/002
Create Account,T1136,TA0003,Persistence,https://attack.mitre.org/techniques/T1136
Create Cloud Instance,T1578.002,TA0005,Defense evasion,https://attack.mitre.org/techniques/T1578/002
Create Process with Token,T1134.002,TA0005,Defense evasion,https://attack.mitre.org/techniques/T1134/002
Create Process with Token,T1134.002,TA0004,Privilege escalation,https://attack.mitre.org/techniques/T1134/002
Create Snapshot,T1578.001,TA0005,Defense evasion,https://attack.mitre.org/techniques/T1578/001
Create or Modify System Process,T1543,TA0003,Persistence,https://attack.mitre.org/techniques/T1543
Create or Modify System Process,T1543,TA0004,Privilege escalation,https://attack.mitre.org/techniques/T1543
Credential API Hooking,T1056.004,TA0009,Collection,https://attack.mitre.org/techniques/T1056/004
Credential API Hooking,T1056.004,TA0006,Credential access,https://attack.mitre.org/techniques/T1056/004
Credential Stuffing,T1110.004,TA0006,Credential access,https://attack.mitre.org/techniques/T1110/004
Credentials In Files,T1552.001,TA0006,Credential access,https://attack.mitre.org/techniques/T1552/001
Credentials from Password Stores,T1555,TA0006,Credential access,https://attack.mitre.org/techniques/T1555
Credentials from Web Browsers,T1555.003,TA0006,Credential access,https://attack.mitre.org/techniques/T1555/003
Credentials in Registry,T1552.002,TA0006,Credential access,https://attack.mitre.org/techniques/T1552/002
Cron,T1053.003,TA0002,Execution,https://attack.mitre.org/techniques/T1053/003
Cron,T1053.003,TA0003,Persistence,https://attack.mitre.org/techniques/T1053/003
Cron,T1053.003,TA0004,Privilege escalation,https://attack.mitre.org/techniques/T1053/003
DCSync,T1003.006,TA0006,Credential access,https://attack.mitre.org/techniques/T1003/006
DLL Search Order Hijacking,T1574.001,TA0003,Persistence,https://attack.mitre.org/techniques/T1574/001
DLL Search Order Hijacking,T1574.001,TA0004,Privilege escalation,https://attack.mitre.org/techniques/T1574/001
DLL Search Order Hijacking,T1574.001,TA0005,Defense evasion,https://attack.mitre.org/techniques/T1574/001
DLL Side-Loading,T1574.002,TA0003,Persistence,https://attack.mitre.org/techniques/T1574/002
DLL Side-Loading,T1574.002,TA0004,Privilege escalation,https://attack.mitre.org/techniques/T1574/002
DLL Side-Loading,T1574.002,TA0005,Defense evasion,https://attack.mitre.org/techniques/T1574/002
DNS,T1071.004,TA0011,Command and control,https://attack.mitre.org/techniques/T1071/004
DNS Calculation,T1568.003,TA0011,Command and control,https://attack.mitre.org/techniques/T1568/003
Data Destruction,T1485,TA0040,Impact,https://attack.mitre.org/techniques/T1485
Data Encoding,T1132,TA0011,Command and control,https://attack.mitre.org/techniques/T1132
Data Encrypted for Impact,T1486,TA0040,Impact,https://attack.mitre.org/techniques/T1486
Data Manipulation,T1565,TA0040,Impact,https://attack.mitre.org/techniques/T1565
Data Obfuscation,T1001,TA0011,Command and control,https://attack.mitre.org/techniques/T1001
Data Staged,T1074,TA0009,Collection,https://attack.mitre.org/techniques/T1074
Data Transfer Size Limits,T1030,TA0010,Exfiltration,https://attack.mitre.org/techniques/T1030
Data from Cloud Storage Object,T1530,TA0009,Collection,https://attack.mitre.org/techniques/T1530
Data from Information Repositories,T1213,TA0009,Collection,https://attack.mitre.org/techniques/T1213
Data from Local System,T1005,TA0009,Collection,https://attack.mitre.org/techniques/T1005
Data from Network Shared Drive,T1039,TA0009,Collection,https://attack.mitre.org/techniques/T1039
Data from Removable Media,T1025,TA0009,Collection,https://attack.mitre.org/techniques/T1025
Dead Drop Resolver,T1102.001,TA0011,Command and control,https://attack.mitre.org/techniques/T1102/001
Defacement,T1491,TA0040,Impact,https://attack.mitre.org/techniques/T1491
Default Accounts,T1078.001,TA0005,Defense evasion,https://attack.mitre.org/techniques/T1078/001
Default Accounts,T1078.001,TA0003,Persistence,https://attack.mitre.org/techniques/T1078/001
Default Accounts,T1078.001,TA0004,Privilege escalation,https://attack.mitre.org/techniques/T1078/001
Default Accounts,T1078.001,TA0001,Initial access,https://attack.mitre.org/techniques/T1078/001
Delete Cloud Instance,T1578.003,TA0005,Defense evasion,https://attack.mitre.org/techniques/T1578/003
Deobfuscate/Decode Files or Information,T1140,TA0005,Defense evasion,https://attack.mitre.org/techniques/T1140
Direct Network Flood,T1498.001,TA0040,Impact,https://attack.mitre.org/techniques/T1498/001
Direct Volume Access,T1006,TA0005,Defense evasion,https://attack.mitre.org/techniques/T1006
Disable Windows Event Logging,T1562.002,TA0005,Defense evasion,https://attack.mitre.org/techniques/T1562/002
Disable or Modify Cloud Firewall,T1562.007,TA0005,Defense evasion,https://attack.mitre.org/techniques/T1562/007
Disable or Modify System Firewall,T1562.004,TA0005,Defense evasion,https://attack.mitre.org/techniques/T1562/004
Disable or Modify Tools,T1562.001,TA0005,Defense evasion,https://attack.mitre.org/techniques/T1562/001
Disk Content Wipe,T1561.001,TA0040,Impact,https://attack.mitre.org/techniques/T1561/001
Disk Structure Wipe,T1561.002,TA0040,Impact,https://attack.mitre.org/techniques/T1561/002
Disk Wipe,T1561,TA0040,Impact,https://attack.mitre.org/techniques/T1561
Distributed Component Object Model,T1021.003,TA0008,Lateral movement,https://attack.mitre.org/techniques/T1021/003
Domain Account,T1136.002,TA0003,Persistence,https://attack.mitre.org/techniques/T1136/002
Domain Account,T1087.002,TA0007,Discovery,https://attack.mitre.org/techniques/T1087/002
Domain Accounts,T1078.002,TA0005,Defense evasion,https://attack.mitre.org/techniques/T1078/002
Domain Accounts,T1078.002,TA0003,Persistence,https://attack.mitre.org/techniques/T1078/002
Domain Accounts,T1078.002,TA0004,Privilege escalation,https://attack.mitre.org/techniques/T1078/002
Domain Accounts,T1078.002,TA0001,Initial access,https://attack.mitre.org/techniques/T1078/002
Domain Controller Authentication,T1556.001,TA0006,Credential access,https://attack.mitre.org/techniques/T1556/001
Domain Controller Authentication,T1556.001,TA0005,Defense evasion,https://attack.mitre.org/techniques/T1556/001
Domain Fronting,T1090.004,TA0011,Command and control,https://attack.mitre.org/techniques/T1090/004
Domain Generation Algorithms,T1568.002,TA0011,Command and control,https://attack.mitre.org/techniques/T1568/002
Domain Groups,T1069.002,TA0007,Discovery,https://attack.mitre.org/techniques/T1069/002
Domain Trust Discovery,T1482,TA0007,Discovery,https://attack.mitre.org/techniques/T1482
Drive-by Compromise,T1189,TA0001,Initial access,https://attack.mitre.org/techniques/T1189
Dylib Hijacking,T1574.004,TA0003,Persistence,https://attack.mitre.org/techniques/T1574/004
Dylib Hijacking,T1574.004,TA0004,Privilege escalation,https://attack.mitre.org/techniques/T1574/004
Dylib Hijacking,T1574.004,TA0005,Defense evasion,https://attack.mitre.org/techniques/T1574/004
Dynamic Data Exchange,T1559.002,TA0002,Execution,https://attack.mitre.org/techniques/T1559/002
Dynamic Resolution,T1568,TA0011,Command and control,https://attack.mitre.org/techniques/T1568
Dynamic-link Library Injection,T1055.001,TA0005,Defense evasion,https://attack.mitre.org/techniques/T1055/001
Dynamic-link Library Injection,T1055.001,TA0004,Privilege escalation,https://attack.mitre.org/techniques/T1055/001
Elevated Execution with Prompt,T1548.004,TA0004,Privilege escalation,https://attack.mitre.org/techniques/T1548/004
Elevated Execution with Prompt,T1548.004,TA0005,Defense evasion,https://attack.mitre.org/techniques/T1548/004
Email Account,T1087.003,TA0007,Discovery,https://attack.mitre.org/techniques/T1087/003
Email Collection,T1114,TA0009,Collection,https://attack.mitre.org/techniques/T1114
Email Forwarding Rule,T1114.003,TA0009,Collection,https://attack.mitre.org/techniques/T1114/003
Emond,T1546.014,TA0004,Privilege escalation,https://attack.mitre.org/techniques/T1546/014
Emond,T1546.014,TA0003,Persistence,https://attack.mitre.org/techniques/T1546/014
Encrypted Channel,T1573,TA0011,Command and control,https://attack.mitre.org/techniques/T1573
Endpoint Denial of Service,T1499,TA0040,Impact,https://attack.mitre.org/techniques/T1499
Environmental Keying,T1480.001,TA0005,Defense evasion,https://attack.mitre.org/techniques/T1480/001
Event Triggered Execution,T1546,TA0004,Privilege escalation,https://attack.mitre.org/techniques/T1546
Event Triggered Execution,T1546,TA0003,Persistence,https://attack.mitre.org/techniques/T1546
Exchange Email Delegate Permissions,T1098.002,TA0003,Persistence,https://attack.mitre.org/techniques/T1098/002
Executable Installer File Permissions Weakness,T1574.005,TA0003,Persistence,https://attack.mitre.org/techniques/T1574/005
Executable Installer File Permissions Weakness,T1574.005,TA0004,Privilege escalation,https://attack.mitre.org/techniques/T1574/005
Executable Installer File Permissions Weakness,T1574.005,TA0005,Defense evasion,https://attack.mitre.org/techniques/T1574/005
Execution Guardrails,T1480,TA0005,Defense evasion,https://attack.mitre.org/techniques/T1480
Exfiltration Over Alternative Protocol,T1048,TA0010,Exfiltration,https://attack.mitre.org/techniques/T1048
Exfiltration Over Asymmetric Encrypted Non-C2 Protocol,T1048.002,TA0010,Exfiltration,https://attack.mitre.org/techniques/T1048/002
Exfiltration Over Bluetooth,T1011.001,TA0010,Exfiltration,https://attack.mitre.org/techniques/T1011/001
Exfiltration Over C2 Channel,T1041,TA0010,Exfiltration,https://attack.mitre.org/techniques/T1041
Exfiltration Over Other Network Medium,T1011,TA0010,Exfiltration,https://attack.mitre.org/techniques/T1011
Exfiltration Over Physical Medium,T1052,TA0010,Exfiltration,https://attack.mitre.org/techniques/T1052
Exfiltration Over Symmetric Encrypted Non-C2 Protocol,T1048.001,TA0010,Exfiltration,https://attack.mitre.org/techniques/T1048/001
Exfiltration Over Unencrypted/Obfuscated Non-C2 Protocol,T1048.003,TA0010,Exfiltration,https://attack.mitre.org/techniques/T1048/003
Exfiltration Over Web Service,T1567,TA0010,Exfiltration,https://attack.mitre.org/techniques/T1567
Exfiltration over USB,T1052.001,TA0010,Exfiltration,https://attack.mitre.org/techniques/T1052/001
Exfiltration to Cloud Storage,T1567.002,TA0010,Exfiltration,https://attack.mitre.org/techniques/T1567/002
Exfiltration to Code Repository,T1567.001,TA0010,Exfiltration,https://attack.mitre.org/techniques/T1567/001
Exploit Public-Facing Application,T1190,TA0001,Initial access,https://attack.mitre.org/techniques/T1190
Exploitation for Client Execution,T1203,TA0002,Execution,https://attack.mitre.org/techniques/T1203
Exploitation for Credential Access,T1212,TA0006,Credential access,https://attack.mitre.org/techniques/T1212
Exploitation for Defense Evasion,T1211,TA0005,Defense evasion,https://attack.mitre.org/techniques/T1211
Exploitation for Privilege Escalation,T1068,TA0004,Privilege escalation,https://attack.mitre.org/techniques/T1068
Exploitation of Remote Services,T1210,TA0008,Lateral movement,https://attack.mitre.org/techniques/T1210
External Defacement,T1491.002,TA0040,Impact,https://attack.mitre.org/techniques/T1491/002
External Proxy,T1090.002,TA0011,Command and control,https://attack.mitre.org/techniques/T1090/002
External Remote Services,T1133,TA0003,Persistence,https://attack.mitre.org/techniques/T1133
External Remote Services,T1133,TA0001,Initial access,https://attack.mitre.org/techniques/T1133
Extra Window Memory Injection,T1055.011,TA0005,Defense evasion,https://attack.mitre.org/techniques/T1055/011
Extra Window Memory Injection,T1055.011,TA0004,Privilege escalation,https://attack.mitre.org/techniques/T1055/011
Fallback Channels,T1008,TA0011,Command and control,https://attack.mitre.org/techniques/T1008
Fast Flux DNS,T1568.001,TA0011,Command and control,https://attack.mitre.org/techniques/T1568/001
File Deletion,T1070.004,TA0005,Defense evasion,https://attack.mitre.org/techniques/T1070/004
File Transfer Protocols,T1071.002,TA0011,Command and control,https://attack.mitre.org/techniques/T1071/002
File and Directory Discovery,T1083,TA0007,Discovery,https://attack.mitre.org/techniques/T1083
File and Directory Permissions Modification,T1222,TA0005,Defense evasion,https://attack.mitre.org/techniques/T1222
Firmware Corruption,T1495,TA0040,Impact,https://attack.mitre.org/techniques/T1495
Forced Authentication,T1187,TA0006,Credential access,https://attack.mitre.org/techniques/T1187
GUI Input Capture,T1056.002,TA0009,Collection,https://attack.mitre.org/techniques/T1056/002
GUI Input Capture,T1056.002,TA0006,Credential access,https://attack.mitre.org/techniques/T1056/002
Gatekeeper Bypass,T1553.001,TA0005,Defense evasion,https://attack.mitre.org/techniques/T1553/001
Golden Ticket,T1558.001,TA0006,Credential access,https://attack.mitre.org/techniques/T1558/001
Graphical User Interface,T1061,TA0002,Execution,https://attack.mitre.org/techniques/T1061
Group Policy Modification,T1484,TA0005,Defense evasion,https://attack.mitre.org/techniques/T1484
Group Policy Modification,T1484,TA0004,Privilege escalation,https://attack.mitre.org/techniques/T1484
Group Policy Preferences,T1552.006,TA0006,Credential access,https://attack.mitre.org/techniques/T1552/006
HISTCONTROL,T1562.003,TA0005,Defense evasion,https://attack.mitre.org/techniques/T1562/003
Hardware Additions,T1200,TA0001,Initial access,https://attack.mitre.org/techniques/T1200
Hidden File System,T1564.005,TA0005,Defense evasion,https://attack.mitre.org/techniques/T1564/005
Hidden Files and Directories,T1564.001,TA0005,Defense evasion,https://attack.mitre.org/techniques/T1564/001
Hidden Users,T1564.002,TA0005,Defense evasion,https://attack.mitre.org/techniques/T1564/002
Hidden Window,T1564.003,TA0005,Defense evasion,https://attack.mitre.org/techniques/T1564/003
Hide Artifacts,T1564,TA0005,Defense evasion,https://attack.mitre.org/techniques/T1564
Hijack Execution Flow,T1574,TA0003,Persistence,https://attack.mitre.org/techniques/T1574
Hijack Execution Flow,T1574,TA0004,Privilege escalation,https://attack.mitre.org/techniques/T1574
Hijack Execution Flow,T1574,TA0005,Defense evasion,https://attack.mitre.org/techniques/T1574
Hypervisor,T1062,TA0003,Persistence,https://attack.mitre.org/techniques/T1062
Image File Execution Options Injection,T1546.012,TA0004,Privilege escalation,https://attack.mitre.org/techniques/T1546/012
Image File Execution Options Injection,T1546.012,TA0003,Persistence,https://attack.mitre.org/techniques/T1546/012
Impair Defenses,T1562,TA0005,Defense evasion,https://attack.mitre.org/techniques/T1562
Implant Container Image,T1525,TA0003,Persistence,https://attack.mitre.org/techniques/T1525
Indicator Blocking,T1562.006,TA0005,Defense evasion,https://attack.mitre.org/techniques/T1562/006
Indicator Removal from Tools,T1027.005,TA0005,Defense evasion,https://attack.mitre.org/techniques/T1027/005
Indicator Removal on Host,T1070,TA0005,Defense evasion,https://attack.mitre.org/techniques/T1070
Indirect Command Execution,T1202,TA0005,Defense evasion,https://attack.mitre.org/techniques/T1202
Ingress Tool Transfer,T1105,TA0011,Command and control,https://attack.mitre.org/techniques/T1105
Inhibit System Recovery,T1490,TA0040,Impact,https://attack.mitre.org/techniques/T1490
Input Capture,T1056,TA0009,Collection,https://attack.mitre.org/techniques/T1056
Input Capture,T1056,TA0006,Credential access,https://attack.mitre.org/techniques/T1056
Install Root Certificate,T1553.004,TA0005,Defense evasion,https://attack.mitre.org/techniques/T1553/004
InstallUtil,T1218.004,TA0005,Defense evasion,https://attack.mitre.org/techniques/T1218/004
Inter-Process Communication,T1559,TA0002,Execution,https://attack.mitre.org/techniques/T1559
Internal Defacement,T1491.001,TA0040,Impact,https://attack.mitre.org/techniques/T1491/001
Internal Proxy,T1090.001,TA0011,Command and control,https://attack.mitre.org/techniques/T1090/001
Internal Spearphishing,T1534,TA0008,Lateral movement,https://attack.mitre.org/techniques/T1534
Invalid Code Signature,T1036.001,TA0005,Defense evasion,https://attack.mitre.org/techniques/T1036/001
JavaScript/JScript,T1059.007,TA0002,Execution,https://attack.mitre.org/techniques/T1059/007
Junk Data,T1001.001,TA0011,Command and control,https://attack.mitre.org/techniques/T1001/001
Kerberoasting,T1558.003,TA0006,Credential access,https://attack.mitre.org/techniques/T1558/003
Kernel Modules and Extensions,T1547.006,TA0003,Persistence,https://attack.mitre.org/techniques/T1547/006
Kernel Modules and Extensions,T1547.006,TA0004,Privilege escalation,https://attack.mitre.org/techniques/T1547/006
Keychain,T1555.001,TA0006,Credential access,https://attack.mitre.org/techniques/T1555/001
Keylogging,T1056.001,TA0009,Collection,https://attack.mitre.org/techniques/T1056/001
Keylogging,T1056.001,TA0006,Credential access,https://attack.mitre.org/techniques/T1056/001
LC_LOAD_DYLIB Addition,T1546.006,TA0004,Privilege escalation,https://attack.mitre.org/techniques/T1546/006
LC_LOAD_DYLIB Addition,T1546.006,TA0003,Persistence,https://attack.mitre.org/techniques/T1546/006
LC_MAIN Hijacking,T1149,TA0005,Defense evasion,https://attack.mitre.org/techniques/T1149
LD_PRELOAD,T1574.006,TA0003,Persistence,https://attack.mitre.org/techniques/T1574/006
LD_PRELOAD,T1574.006,TA0004,Privilege escalation,https://attack.mitre.org/techniques/T1574/006
LD_PRELOAD,T1574.006,TA0005,Defense evasion,https://attack.mitre.org/techniques/T1574/006
LLMNR/NBT-NS Poisoning and SMB Relay,T1557.001,TA0006,Credential access,https://attack.mitre.org/techniques/T1557/001
LLMNR/NBT-NS Poisoning and SMB Relay,T1557.001,TA0009,Collection,https://attack.mitre.org/techniques/T1557/001
LSA Secrets,T1003.004,TA0006,Credential access,https://attack.mitre.org/techniques/T1003/004
LSASS Driver,T1547.008,TA0003,Persistence,https://attack.mitre.org/techniques/T1547/008
LSASS Driver,T1547.008,TA0004,Privilege escalation,https://attack.mitre.org/techniques/T1547/008
LSASS Memory,T1003.001,TA0006,Credential access,https://attack.mitre.org/techniques/T1003/001
Lateral Tool Transfer,T1570,TA0008,Lateral movement,https://attack.mitre.org/techniques/T1570
Launch Agent,T1543.001,TA0003,Persistence,https://attack.mitre.org/techniques/T1543/001
Launch Agent,T1543.001,TA0004,Privilege escalation,https://attack.mitre.org/techniques/T1543/001
Launch Daemon,T1543.004,TA0003,Persistence,https://attack.mitre.org/techniques/T1543/004
Launch Daemon,T1543.004,TA0004,Privilege escalation,https://attack.mitre.org/techniques/T1543/004
Launchctl,T1569.001,TA0002,Execution,https://attack.mitre.org/techniques/T1569/001
Launchd,T1053.004,TA0002,Execution,https://attack.mitre.org/techniques/T1053/004
Launchd,T1053.004,TA0003,Persistence,https://attack.mitre.org/techniques/T1053/004
Launchd,T1053.004,TA0004,Privilege escalation,https://attack.mitre.org/techniques/T1053/004
Linux and Mac File and Directory Permissions Modification,T1222.002,TA0005,Defense evasion,https://attack.mitre.org/techniques/T1222/002
Local Account,T1136.001,TA0003,Persistence,https://attack.mitre.org/techniques/T1136/001
Local Account,T1087.001,TA0007,Discovery,https://attack.mitre.org/techniques/T1087/001
Local Accounts,T1078.003,TA0005,Defense evasion,https://attack.mitre.org/techniques/T1078/003
Local Accounts,T1078.003,TA0003,Persistence,https://attack.mitre.org/techniques/T1078/003
Local Accounts,T1078.003,TA0004,Privilege escalation,https://attack.mitre.org/techniques/T1078/003
Local Accounts,T1078.003,TA0001,Initial access,https://attack.mitre.org/techniques/T1078/003
Local Data Staging,T1074.001,TA0009,Collection,https://attack.mitre.org/techniques/T1074/001
Local Email Collection,T1114.001,TA0009,Collection,https://attack.mitre.org/techniques/T1114/001
Local Groups,T1069.001,TA0007,Discovery,https://attack.mitre.org/techniques/T1069/001
Logon Script (Mac),T1037.002,TA0003,Persistence,https://attack.mitre.org/techniques/T1037/002
Logon Script (Mac),T1037.002,TA0004,Privilege escalation,https://attack.mitre.org/techniques/T1037/002
Logon Script (Windows),T1037.001,TA0003,Persistence,https://attack.mitre.org/techniques/T1037/001
Logon Script (Windows),T1037.001,TA0004,Privilege escalation,https://attack.mitre.org/techniques/T1037/001
MSBuild,T1127.001,TA0005,Defense evasion,https://attack.mitre.org/techniques/T1127/001
Mail Protocols,T1071.003,TA0011,Command and control,https://attack.mitre.org/techniques/T1071/003
Make and Impersonate Token,T1134.003,TA0005,Defense evasion,https://attack.mitre.org/techniques/T1134/003
Make and Impersonate Token,T1134.003,TA0004,Privilege escalation,https://attack.mitre.org/techniques/T1134/003
Malicious File,T1204.002,TA0002,Execution,https://attack.mitre.org/techniques/T1204/002
Malicious Link,T1204.001,TA0002,Execution,https://attack.mitre.org/techniques/T1204/001
Man in the Browser,T1185,TA0009,Collection,https://attack.mitre.org/techniques/T1185
Man-in-the-Middle,T1557,TA0006,Credential access,https://attack.mitre.org/techniques/T1557
Man-in-the-Middle,T1557,TA0009,Collection,https://attack.mitre.org/techniques/T1557
Masquerade Task or Service,T1036.004,TA0005,Defense evasion,https://attack.mitre.org/techniques/T1036/004
Masquerading,T1036,TA0005,Defense evasion,https://attack.mitre.org/techniques/T1036
Match Legitimate Name or Location,T1036.005,TA0005,Defense evasion,https://attack.mitre.org/techniques/T1036/005
Modify Authentication Process,T1556,TA0006,Credential access,https://attack.mitre.org/techniques/T1556
Modify Authentication Process,T1556,TA0005,Defense evasion,https://attack.mitre.org/techniques/T1556
Modify Cloud Compute Infrastructure,T1578,TA0005,Defense evasion,https://attack.mitre.org/techniques/T1578
Modify Registry,T1112,TA0005,Defense evasion,https://attack.mitre.org/techniques/T1112
Mshta,T1218.005,TA0005,Defense evasion,https://attack.mitre.org/techniques/T1218/005
Msiexec,T1218.007,TA0005,Defense evasion,https://attack.mitre.org/techniques/T1218/007
Multi-Stage Channels,T1104,TA0011,Command and control,https://attack.mitre.org/techniques/T1104
Multi-hop Proxy,T1090.003,TA0011,Command and control,https://attack.mitre.org/techniques/T1090/003
Multiband Communication,T1026,TA0011,Command and control,https://attack.mitre.org/techniques/T1026
NTDS,T1003.003,TA0006,Credential access,https://attack.mitre.org/techniques/T1003/003
NTFS File Attributes,T1564.004,TA0005,Defense evasion,https://attack.mitre.org/techniques/T1564/004
Native API,T1106,TA0002,Execution,https://attack.mitre.org/techniques/T1106
Netsh Helper DLL,T1546.007,TA0004,Privilege escalation,https://attack.mitre.org/techniques/T1546/007
Netsh Helper DLL,T1546.007,TA0003,Persistence,https://attack.mitre.org/techniques/T1546/007
Network Denial of Service,T1498,TA0040,Impact,https://attack.mitre.org/techniques/T1498
Network Logon Script,T1037.003,TA0003,Persistence,https://attack.mitre.org/techniques/T1037/003
Network Logon Script,T1037.003,TA0004,Privilege escalation,https://attack.mitre.org/techniques/T1037/003
Network Service Scanning,T1046,TA0007,Discovery,https://attack.mitre.org/techniques/T1046
Network Share Connection Removal,T1070.005,TA0005,Defense evasion,https://attack.mitre.org/techniques/T1070/005
Network Share Discovery,T1135,TA0007,Discovery,https://attack.mitre.org/techniques/T1135
Network Sniffing,T1040,TA0006,Credential access,https://attack.mitre.org/techniques/T1040
Network Sniffing,T1040,TA0007,Discovery,https://attack.mitre.org/techniques/T1040
Non-Application Layer Protocol,T1095,TA0011,Command and control,https://attack.mitre.org/techniques/T1095
Non-Standard Encoding,T1132.002,TA0011,Command and control,https://attack.mitre.org/techniques/T1132/002
Non-Standard Port,T1571,TA0011,Command and control,https://attack.mitre.org/techniques/T1571
OS Credential Dumping,T1003,TA0006,Credential access,https://attack.mitre.org/techniques/T1003
OS Exhaustion Flood,T1499.001,TA0040,Impact,https://attack.mitre.org/techniques/T1499/001
Obfuscated Files or Information,T1027,TA0005,Defense evasion,https://attack.mitre.org/techniques/T1027
Odbcconf,T1218.008,TA0005,Defense evasion,https://attack.mitre.org/techniques/T1218/008
Office Application Startup,T1137,TA0003,Persistence,https://attack.mitre.org/techniques/T1137
Office Template Macros,T1137.001,TA0003,Persistence,https://attack.mitre.org/techniques/T1137/001
Office Test,T1137.002,TA0003,Persistence,https://attack.mitre.org/techniques/T1137/002
One-Way Communication,T1102.003,TA0011,Command and control,https://attack.mitre.org/techniques/T1102/003
Outlook Forms,T1137.003,TA0003,Persistence,https://attack.mitre.org/techniques/T1137/003
Outlook Home Page,T1137.004,TA0003,Persistence,https://attack.mitre.org/techniques/T1137/004
Outlook Rules,T1137.005,TA0003,Persistence,https://attack.mitre.org/techniques/T1137/005
Parent PID Spoofing,T1134.004,TA0005,Defense evasion,https://attack.mitre.org/techniques/T1134/004
Parent PID Spoofing,T1134.004,TA0004,Privilege escalation,https://attack.mitre.org/techniques/T1134/004
Pass the Hash,T1550.002,TA0005,Defense evasion,https://attack.mitre.org/techniques/T1550/002
Pass the Hash,T1550.002,TA0008,Lateral movement,https://attack.mitre.org/techniques/T1550/002
Pass the Ticket,T1550.003,TA0005,Defense evasion,https://attack.mitre.org/techniques/T1550/003
Pass the Ticket,T1550.003,TA0008,Lateral movement,https://attack.mitre.org/techniques/T1550/003
Password Cracking,T1110.002,TA0006,Credential access,https://attack.mitre.org/techniques/T1110/002
Password Filter DLL,T1556.002,TA0006,Credential access,https://attack.mitre.org/techniques/T1556/002
Password Filter DLL,T1556.002,TA0005,Defense evasion,https://attack.mitre.org/techniques/T1556/002
Password Guessing,T1110.001,TA0006,Credential access,https://attack.mitre.org/techniques/T1110/001
Password Policy Discovery,T1201,TA0007,Discovery,https://attack.mitre.org/techniques/T1201
Password Spraying,T1110.003,TA0006,Credential access,https://attack.mitre.org/techniques/T1110/003
Path Interception,T1034,TA0003,Persistence,https://attack.mitre.org/techniques/T1034
Path Interception,T1034,TA0004,Privilege escalation,https://attack.mitre.org/techniques/T1034
Path Interception by PATH Environment Variable,T1574.007,TA0003,Persistence,https://attack.mitre.org/techniques/T1574/007
Path Interception by PATH Environment Variable,T1574.007,TA0004,Privilege escalation,https://attack.mitre.org/techniques/T1574/007
Path Interception by PATH Environment Variable,T1574.007,TA0005,Defense evasion,https://attack.mitre.org/techniques/T1574/007
Path Interception by Search Order Hijacking,T1574.008,TA0003,Persistence,https://attack.mitre.org/techniques/T1574/008
Path Interception by Search Order Hijacking,T1574.008,TA0004,Privilege escalation,https://attack.mitre.org/techniques/T1574/008
Path Interception by Search Order Hijacking,T1574.008,TA0005,Defense evasion,https://attack.mitre.org/techniques/T1574/008
Path Interception by Unquoted Path,T1574.009,TA0003,Persistence,https://attack.mitre.org/techniques/T1574/009
Path Interception by Unquoted Path,T1574.009,TA0004,Privilege escalation,https://attack.mitre.org/techniques/T1574/009
Path Interception by Unquoted Path,T1574.009,TA0005,Defense evasion,https://attack.mitre.org/techniques/T1574/009
Peripheral Device Discovery,T1120,TA0007,Discovery,https://attack.mitre.org/techniques/T1120
Permission Groups Discovery,T1069,TA0007,Discovery,https://attack.mitre.org/techniques/T1069
Phishing,T1566,TA0001,Initial access,https://attack.mitre.org/techniques/T1566
Plist Modification,T1547.011,TA0003,Persistence,https://attack.mitre.org/techniques/T1547/011
Plist Modification,T1547.011,TA0004,Privilege escalation,https://attack.mitre.org/techniques/T1547/011
Pluggable Authentication Modules,T1556.003,TA0006,Credential access,https://attack.mitre.org/techniques/T1556/003
Pluggable Authentication Modules,T1556.003,TA0005,Defense evasion,https://attack.mitre.org/techniques/T1556/003
Port Knocking,T1205.001,TA0005,Defense evasion,https://attack.mitre.org/techniques/T1205/001
Port Knocking,T1205.001,TA0003,Persistence,https://attack.mitre.org/techniques/T1205/001
Port Knocking,T1205.001,TA0011,Command and control,https://attack.mitre.org/techniques/T1205/001
Port Monitors,T1547.010,TA0003,Persistence,https://attack.mitre.org/techniques/T1547/010
Port Monitors,T1547.010,TA0004,Privilege escalation,https://attack.mitre.org/techniques/T1547/010
Portable Executable Injection,T1055.002,TA0005,Defense evasion,https://attack.mitre.org/techniques/T1055/002
Portable Executable Injection,T1055.002,TA0004,Privilege escalation,https://attack.mitre.org/techniques/T1055/002
PowerShell,T1059.001,TA0002,Execution,https://attack.mitre.org/techniques/T1059/001
PowerShell Profile,T1546.013,TA0004,Privilege escalation,https://attack.mitre.org/techniques/T1546/013
PowerShell Profile,T1546.013,TA0003,Persistence,https://attack.mitre.org/techniques/T1546/013
Pre-OS Boot,T1542,TA0005,Defense evasion,https://attack.mitre.org/techniques/T1542
Pre-OS Boot,T1542,TA0003,Persistence,https://attack.mitre.org/techniques/T1542
Private Keys,T1552.004,TA0006,Credential access,https://attack.mitre.org/techniques/T1552/004
Proc Filesystem,T1003.007,TA0006,Credential access,https://attack.mitre.org/techniques/T1003/007
Proc Memory,T1055.009,TA0005,Defense evasion,https://attack.mitre.org/techniques/T1055/009
Proc Memory,T1055.009,TA0004,Privilege escalation,https://attack.mitre.org/techniques/T1055/009
Process Discovery,T1057,TA0007,Discovery,https://attack.mitre.org/techniques/T1057
Process Doppelgänging,T1055.013,TA0005,Defense evasion,https://attack.mitre.org/techniques/T1055/013
Process Doppelgänging,T1055.013,TA0004,Privilege escalation,https://attack.mitre.org/techniques/T1055/013
Process Hollowing,T1055.012,TA0005,Defense evasion,https://attack.mitre.org/techniques/T1055/012
Process Hollowing,T1055.012,TA0004,Privilege escalation,https://attack.mitre.org/techniques/T1055/012
Process Injection,T1055,TA0005,Defense evasion,https://attack.mitre.org/techniques/T1055
Process Injection,T1055,TA0004,Privilege escalation,https://attack.mitre.org/techniques/T1055
Protocol Impersonation,T1001.003,TA0011,Command and control,https://attack.mitre.org/techniques/T1001/003
Protocol Tunneling,T1572,TA0011,Command and control,https://attack.mitre.org/techniques/T1572
Proxy,T1090,TA0011,Command and control,https://attack.mitre.org/techniques/T1090
Ptrace System Calls,T1055.008,TA0005,Defense evasion,https://attack.mitre.org/techniques/T1055/008
Ptrace System Calls,T1055.008,TA0004,Privilege escalation,https://attack.mitre.org/techniques/T1055/008
PubPrn,T1216.001,TA0005,Defense evasion,https://attack.mitre.org/techniques/T1216/001
Python,T1059.006,TA0002,Execution,https://attack.mitre.org/techniques/T1059/006
Query Registry,T1012,TA0007,Discovery,https://attack.mitre.org/techniques/T1012
RDP Hijacking,T1563.002,TA0008,Lateral movement,https://attack.mitre.org/techniques/T1563/002
Rc.common,T1037.004,TA0003,Persistence,https://attack.mitre.org/techniques/T1037/004
Rc.common,T1037.004,TA0004,Privilege escalation,https://attack.mitre.org/techniques/T1037/004
Re-opened Applications,T1547.007,TA0003,Persistence,https://attack.mitre.org/techniques/T1547/007
Re-opened Applications,T1547.007,TA0004,Privilege escalation,https://attack.mitre.org/techniques/T1547/007
Redundant Access,T1108,TA0005,Defense evasion,https://attack.mitre.org/techniques/T1108
Redundant Access,T1108,TA0003,Persistence,https://attack.mitre.org/techniques/T1108
Reflection Amplification,T1498.002,TA0040,Impact,https://attack.mitre.org/techniques/T1498/002
Registry Run Keys / Startup Folder,T1547.001,TA0003,Persistence,https://attack.mitre.org/techniques/T1547/001
Registry Run Keys / Startup Folder,T1547.001,TA0004,Privilege escalation,https://attack.mitre.org/techniques/T1547/001
Regsvcs/Regasm,T1218.009,TA0005,Defense evasion,https://attack.mitre.org/techniques/T1218/009
Regsvr32,T1218.010,TA0005,Defense evasion,https://attack.mitre.org/techniques/T1218/010
Remote Access Software,T1219,TA0011,Command and control,https://attack.mitre.org/techniques/T1219
Remote Data Staging,T1074.002,TA0009,Collection,https://attack.mitre.org/techniques/T1074/002
Remote Desktop Protocol,T1021.001,TA0008,Lateral movement,https://attack.mitre.org/techniques/T1021/001
Remote Email Collection,T1114.002,TA0009,Collection,https://attack.mitre.org/techniques/T1114/002
Remote Service Session Hijacking,T1563,TA0008,Lateral movement,https://attack.mitre.org/techniques/T1563
Remote Services,T1021,TA0008,Lateral movement,https://attack.mitre.org/techniques/T1021
Remote System Discovery,T1018,TA0007,Discovery,https://attack.mitre.org/techniques/T1018
Rename System Utilities,T1036.003,TA0005,Defense evasion,https://attack.mitre.org/techniques/T1036/003
Replication Through Removable Media,T1091,TA0008,Lateral movement,https://attack.mitre.org/techniques/T1091
Replication Through Removable Media,T1091,TA0001,Initial access,https://attack.mitre.org/techniques/T1091
Resource Hijacking,T1496,TA0040,Impact,https://attack.mitre.org/techniques/T1496
Revert Cloud Instance,T1578.004,TA0005,Defense evasion,https://attack.mitre.org/techniques/T1578/004
Right-to-Left Override,T1036.002,TA0005,Defense evasion,https://attack.mitre.org/techniques/T1036/002
Rogue Domain Controller,T1207,TA0005,Defense evasion,https://attack.mitre.org/techniques/T1207
Rootkit,T1014,TA0005,Defense evasion,https://attack.mitre.org/techniques/T1014
Run Virtual Instance,T1564.006,TA0005,Defense evasion,https://attack.mitre.org/techniques/T1564/006
Rundll32,T1218.011,TA0005,Defense evasion,https://attack.mitre.org/techniques/T1218/011
Runtime Data Manipulation,T1565.003,TA0040,Impact,https://attack.mitre.org/techniques/T1565/003
SID-History Injection,T1134.005,TA0005,Defense evasion,https://attack.mitre.org/techniques/T1134/005
SID-History Injection,T1134.005,TA0004,Privilege escalation,https://attack.mitre.org/techniques/T1134/005
SIP and Trust Provider Hijacking,T1553.003,TA0005,Defense evasion,https://attack.mitre.org/techniques/T1553/003
SMB/Windows Admin Shares,T1021.002,TA0008,Lateral movement,https://attack.mitre.org/techniques/T1021/002
SQL Stored Procedures,T1505.001,TA0003,Persistence,https://attack.mitre.org/techniques/T1505/001
SSH,T1021.004,TA0008,Lateral movement,https://attack.mitre.org/techniques/T1021/004
SSH Authorized Keys,T1098.004,TA0003,Persistence,https://attack.mitre.org/techniques/T1098/004
SSH Hijacking,T1563.001,TA0008,Lateral movement,https://attack.mitre.org/techniques/T1563/001
Scheduled Task,T1053.005,TA0002,Execution,https://attack.mitre.org/techniques/T1053/005
Scheduled Task,T1053.005,TA0003,Persistence,https://attack.mitre.org/techniques/T1053/005
Scheduled Task,T1053.005,TA0004,Privilege escalation,https://attack.mitre.org/techniques/T1053/005
Scheduled Task/Job,T1053,TA0002,Execution,https://attack.mitre.org/techniques/T1053
Scheduled Task/Job,T1053,TA0003,Persistence,https://attack.mitre.org/techniques/T1053
Scheduled Task/Job,T1053,TA0004,Privilege escalation,https://attack.mitre.org/techniques/T1053
Scheduled Transfer,T1029,TA0010,Exfiltration,https://attack.mitre.org/techniques/T1029
Screen Capture,T1113,TA0009,Collection,https://attack.mitre.org/techniques/T1113
Screensaver,T1546.002,TA0004,Privilege escalation,https://attack.mitre.org/techniques/T1546/002
Screensaver,T1546.002,TA0003,Persistence,https://attack.mitre.org/techniques/T1546/002
Scripting,T1064,TA0005,Defense evasion,https://attack.mitre.org/techniques/T1064
Scripting,T1064,TA0002,Execution,https://attack.mitre.org/techniques/T1064
Security Account Manager,T1003.002,TA0006,Credential access,https://attack.mitre.org/techniques/T1003/002
Security Software Discovery,T1518.001,TA0007,Discovery,https://attack.mitre.org/techniques/T1518/001
Security Support Provider,T1547.005,TA0003,Persistence,https://attack.mitre.org/techniques/T1547/005
Security Support Provider,T1547.005,TA0004,Privilege escalation,https://attack.mitre.org/techniques/T1547/005
Securityd Memory,T1555.002,TA0006,Credential access,https://attack.mitre.org/techniques/T1555/002
Server Software Component,T1505,TA0003,Persistence,https://attack.mitre.org/techniques/T1505
Service Execution,T1569.002,TA0002,Execution,https://attack.mitre.org/techniques/T1569/002
Service Exhaustion Flood,T1499.002,TA0040,Impact,https://attack.mitre.org/techniques/T1499/002
Service Stop,T1489,TA0040,Impact,https://attack.mitre.org/techniques/T1489
Services File Permissions Weakness,T1574.010,TA0003,Persistence,https://attack.mitre.org/techniques/T1574/010
Services File Permissions Weakness,T1574.010,TA0004,Privilege escalation,https://attack.mitre.org/techniques/T1574/010
Services File Permissions Weakness,T1574.010,TA0005,Defense evasion,https://attack.mitre.org/techniques/T1574/010
Services Registry Permissions Weakness,T1574.011,TA0003,Persistence,https://attack.mitre.org/techniques/T1574/011
Services Registry Permissions Weakness,T1574.011,TA0004,Privilege escalation,https://attack.mitre.org/techniques/T1574/011
Services Registry Permissions Weakness,T1574.011,TA0005,Defense evasion,https://attack.mitre.org/techniques/T1574/011
Setuid and Setgid,T1548.001,TA0004,Privilege escalation,https://attack.mitre.org/techniques/T1548/001
Setuid and Setgid,T1548.001,TA0005,Defense evasion,https://attack.mitre.org/techniques/T1548/001
Shared Modules,T1129,TA0002,Execution,https://attack.mitre.org/techniques/T1129
Shared Webroot,T1051,TA0008,Lateral movement,https://attack.mitre.org/techniques/T1051
Sharepoint,T1213.002,TA0009,Collection,https://attack.mitre.org/techniques/T1213/002
Shortcut Modification,T1547.009,TA0003,Persistence,https://attack.mitre.org/techniques/T1547/009
Shortcut Modification,T1547.009,TA0004,Privilege escalation,https://attack.mitre.org/techniques/T1547/009
Signed Binary Proxy Execution,T1218,TA0005,Defense evasion,https://attack.mitre.org/techniques/T1218
Signed Script Proxy Execution,T1216,TA0005,Defense evasion,https://attack.mitre.org/techniques/T1216
Silver Ticket,T1558.002,TA0006,Credential access,https://attack.mitre.org/techniques/T1558/002
Software Deployment Tools,T1072,TA0002,Execution,https://attack.mitre.org/techniques/T1072
Software Deployment Tools,T1072,TA0008,Lateral movement,https://attack.mitre.org/techniques/T1072
Software Discovery,T1518,TA0007,Discovery,https://attack.mitre.org/techniques/T1518
Software Packing,T1027.002,TA0005,Defense evasion,https://attack.mitre.org/techniques/T1027/002
Source,T1153,TA0002,Execution,https://attack.mitre.org/techniques/T1153
Space after Filename,T1036.006,TA0005,Defense evasion,https://attack.mitre.org/techniques/T1036/006
Spearphishing Attachment,T1566.001,TA0001,Initial access,https://attack.mitre.org/techniques/T1566/001
Spearphishing Link,T1566.002,TA0001,Initial access,https://attack.mitre.org/techniques/T1566/002
Spearphishing via Service,T1566.003,TA0001,Initial access,https://attack.mitre.org/techniques/T1566/003
Standard Encoding,T1132.001,TA0011,Command and control,https://attack.mitre.org/techniques/T1132/001
Startup Items,T1037.005,TA0003,Persistence,https://attack.mitre.org/techniques/T1037/005
Startup Items,T1037.005,TA0004,Privilege escalation,https://attack.mitre.org/techniques/T1037/005
Steal Application Access Token,T1528,TA0006,Credential access,https://attack.mitre.org/techniques/T1528
Steal Web Session Cookie,T1539,TA0006,Credential access,https://attack.mitre.org/techniques/T1539
Steal or Forge Kerberos Tickets,T1558,TA0006,Credential access,https://attack.mitre.org/techniques/T1558
Steganography,T1027.003,TA0005,Defense evasion,https://attack.mitre.org/techniques/T1027/003
Steganography,T1001.002,TA0011,Command and control,https://attack.mitre.org/techniques/T1001/002
Stored Data Manipulation,T1565.001,TA0040,Impact,https://attack.mitre.org/techniques/T1565/001
Subvert Trust Controls,T1553,TA0005,Defense evasion,https://attack.mitre.org/techniques/T1553
Sudo and Sudo Caching,T1548.003,TA0004,Privilege escalation,https://attack.mitre.org/techniques/T1548/003
Sudo and Sudo Caching,T1548.003,TA0005,Defense evasion,https://attack.mitre.org/techniques/T1548/003
Supply Chain Compromise,T1195,TA0001,Initial access,https://attack.mitre.org/techniques/T1195
Symmetric Cryptography,T1573.001,TA0011,Command and control,https://attack.mitre.org/techniques/T1573/001
System Checks,T1497.001,TA0005,Defense evasion,https://attack.mitre.org/techniques/T1497/001
System Checks,T1497.001,TA0007,Discovery,https://attack.mitre.org/techniques/T1497/001
System Firmware,T1542.001,TA0003,Persistence,https://attack.mitre.org/techniques/T1542/001
System Firmware,T1542.001,TA0005,Defense evasion,https://attack.mitre.org/techniques/T1542/001
System Information Discovery,T1082,TA0007,Discovery,https://attack.mitre.org/techniques/T1082
System Network Configuration Discovery,T1016,TA0007,Discovery,https://attack.mitre.org/techniques/T1016
System Network Connections Discovery,T1049,TA0007,Discovery,https://attack.mitre.org/techniques/T1049
System Owner/User Discovery,T1033,TA0007,Discovery,https://attack.mitre.org/techniques/T1033
System Service Discovery,T1007,TA0007,Discovery,https://attack.mitre.org/techniques/T1007
System Services,T1569,TA0002,Execution,https://attack.mitre.org/techniques/T1569
System Shutdown/Reboot,T1529,TA0040,Impact,https://attack.mitre.org/techniques/T1529
System Time Discovery,T1124,TA0007,Discovery,https://attack.mitre.org/techniques/T1124
Systemd Service,T1543.002,TA0003,Persistence,https://attack.mitre.org/techniques/T1543/002
Systemd Service,T1543.002,TA0004,Privilege escalation,https://attack.mitre.org/techniques/T1543/002
Taint Shared Content,T1080,TA0008,Lateral movement,https://attack.mitre.org/techniques/T1080
Template Injection,T1221,TA0005,Defense evasion,https://attack.mitre.org/techniques/T1221
Thread Execution Hijacking,T1055.003,TA0005,Defense evasion,https://attack.mitre.org/techniques/T1055/003
Thread Execution Hijacking,T1055.003,TA0004,Privilege escalation,https://attack.mitre.org/techniques/T1055/003
Thread Local Storage,T1055.005,TA0005,Defense evasion,https://attack.mitre.org/techniques/T1055/005
Thread Local Storage,T1055.005,TA0004,Privilege escalation,https://attack.mitre.org/techniques/T1055/005
Time Based Evasion,T1497.003,TA0005,Defense evasion,https://attack.mitre.org/techniques/T1497/003
Time Based Evasion,T1497.003,TA0007,Discovery,https://attack.mitre.org/techniques/T1497/003
Time Providers,T1547.003,TA0003,Persistence,https://attack.mitre.org/techniques/T1547/003
Time Providers,T1547.003,TA0004,Privilege escalation,https://attack.mitre.org/techniques/T1547/003
Timestomp,T1070.006,TA0005,Defense evasion,https://attack.mitre.org/techniques/T1070/006
Token Impersonation/Theft,T1134.001,TA0005,Defense evasion,https://attack.mitre.org/techniques/T1134/001
Token Impersonation/Theft,T1134.001,TA0004,Privilege escalation,https://attack.mitre.org/techniques/T1134/001
Traffic Signaling,T1205,TA0005,Defense evasion,https://attack.mitre.org/techniques/T1205
Traffic Signaling,T1205,TA0003,Persistence,https://attack.mitre.org/techniques/T1205
Traffic Signaling,T1205,TA0011,Command and control,https://attack.mitre.org/techniques/T1205
Transfer Data to Cloud Account,T1537,TA0010,Exfiltration,https://attack.mitre.org/techniques/T1537
Transmitted Data Manipulation,T1565.002,TA0040,Impact,https://attack.mitre.org/techniques/T1565/002
Transport Agent,T1505.002,TA0003,Persistence,https://attack.mitre.org/techniques/T1505/002
Trap,T1546.005,TA0004,Privilege escalation,https://attack.mitre.org/techniques/T1546/005
Trap,T1546.005,TA0003,Persistence,https://attack.mitre.org/techniques/T1546/005
Trusted Developer Utilities Proxy Execution,T1127,TA0005,Defense evasion,https://attack.mitre.org/techniques/T1127
Trusted Relationship,T1199,TA0001,Initial access,https://attack.mitre.org/techniques/T1199
Two-Factor Authentication Interception,T1111,TA0006,Credential access,https://attack.mitre.org/techniques/T1111
Unix Shell,T1059.004,TA0002,Execution,https://attack.mitre.org/techniques/T1059/004
Unsecured Credentials,T1552,TA0006,Credential access,https://attack.mitre.org/techniques/T1552
Unused/Unsupported Cloud Regions,T1535,TA0005,Defense evasion,https://attack.mitre.org/techniques/T1535
Use Alternate Authentication Material,T1550,TA0005,Defense evasion,https://attack.mitre.org/techniques/T1550
Use Alternate Authentication Material,T1550,TA0008,Lateral movement,https://attack.mitre.org/techniques/T1550
User Activity Based Checks,T1497.002,TA0005,Defense evasion,https://attack.mitre.org/techniques/T1497/002
User Activity Based Checks,T1497.002,TA0007,Discovery,https://attack.mitre.org/techniques/T1497/002
User Execution,T1204,TA0002,Execution,https://attack.mitre.org/techniques/T1204
VDSO Hijacking,T1055.014,TA0005,Defense evasion,https://attack.mitre.org/techniques/T1055/014
VDSO Hijacking,T1055.014,TA0004,Privilege escalation,https://attack.mitre.org/techniques/T1055/014
VNC,T1021.005,TA0008,Lateral movement,https://attack.mitre.org/techniques/T1021/005
Valid Accounts,T1078,TA0005,Defense evasion,https://attack.mitre.org/techniques/T1078
Valid Accounts,T1078,TA0003,Persistence,https://attack.mitre.org/techniques/T1078
Valid Accounts,T1078,TA0004,Privilege escalation,https://attack.mitre.org/techniques/T1078
Valid Accounts,T1078,TA0001,Initial access,https://attack.mitre.org/techniques/T1078
Video Capture,T1125,TA0009,Collection,https://attack.mitre.org/techniques/T1125
Virtualization/Sandbox Evasion,T1497,TA0005,Defense evasion,https://attack.mitre.org/techniques/T1497
Virtualization/Sandbox Evasion,T1497,TA0007,Discovery,https://attack.mitre.org/techniques/T1497
Visual Basic,T1059.005,TA0002,Execution,https://attack.mitre.org/techniques/T1059/005
Web Portal Capture,T1056.003,TA0009,Collection,https://attack.mitre.org/techniques/T1056/003
Web Portal Capture,T1056.003,TA0006,Credential access,https://attack.mitre.org/techniques/T1056/003
Web Protocols,T1071.001,TA0011,Command and control,https://attack.mitre.org/techniques/T1071/001
Web Service,T1102,TA0011,Command and control,https://attack.mitre.org/techniques/T1102
Web Session Cookie,T1550.004,TA0005,Defense evasion,https://attack.mitre.org/techniques/T1550/004
Web Session Cookie,T1550.004,TA0008,Lateral movement,https://attack.mitre.org/techniques/T1550/004
Web Shell,T1505.003,TA0003,Persistence,https://attack.mitre.org/techniques/T1505/003
Windows Command Shell,T1059.003,TA0002,Execution,https://attack.mitre.org/techniques/T1059/003
Windows File and Directory Permissions Modification,T1222.001,TA0005,Defense evasion,https://attack.mitre.org/techniques/T1222/001
Windows Management Instrumentation,T1047,TA0002,Execution,https://attack.mitre.org/techniques/T1047
Windows Management Instrumentation Event Subscription,T1546.003,TA0004,Privilege escalation,https://attack.mitre.org/techniques/T1546/003
Windows Management Instrumentation Event Subscription,T1546.003,TA0003,Persistence,https://attack.mitre.org/techniques/T1546/003
Windows Remote Management,T1021.006,TA0008,Lateral movement,https://attack.mitre.org/techniques/T1021/006
Windows Service,T1543.003,TA0003,Persistence,https://attack.mitre.org/techniques/T1543/003
Windows Service,T1543.003,TA0004,Privilege escalation,https://attack.mitre.org/techniques/T1543/003
Winlogon Helper DLL,T1547.004,TA0003,Persistence,https://attack.mitre.org/techniques/T1547/004
Winlogon Helper DLL,T1547.004,TA0004,Privilege escalation,https://attack.mitre.org/techniques/T1547/004
XSL Script Processing,T1220,TA0005,Defense evasion,https://attack.mitre.org/techniques/T1220
